tracer,z_eff,DM_over_rd,DM_over_rd_std,DH_over_rd,DH_over_rd_std,DV_over_rd,DV_over_rd_std,DH_over_DM,DH_over_DM_std,r_off
bgs,0.3,,,,,7.960684722447161,0.1717491945104007,,,
elg1,0.95,,,,,19.916417257983113,0.41823518759131534,,,
elg2,1.32,28.09746337766181,0.707717853382326,13.776137540977668,0.4039633433177787,24.298309359046353,0.37280276898151915,0.4907639883732723,0.022649402878710957,-0.44252807397111216
lrg1,0.5095,13.598420085749892,0.24178081485450004,21.000874188621953,0.6083325460589855,12.551871730835757,0.14389879663256405,1.5452016701652178,0.062113784449266365,-0.46340032363722666
lrg2,0.706,16.8241390833333,0.301053208737537,19.904188783148225,0.5909639957704953,15.841360414463022,0.18780791274572567,1.1837150450214877,0.04817070927645421,-0.4371411876860127
lrg3,0.92,21.79086206593803,0.32335873129928316,17.79570587809945,0.368795922091617,19.808042190888198,0.19080949074749226,0.8169341973449792,0.024374224649859475,-0.41131195681200217
lrg3_elg1,0.93,21.7644785343131,0.28755861118869636,17.84605926102083,0.35653923895243295,19.882467136213563,0.17459266357056463,0.8201861995229023,0.022846675367289796,-0.4108433305214618
qso,1.49,,,,,26.103401265556677,0.5926488564963496,,,
